{
  "apps": [
    {
      "name": "Inboard-Backend-0",
      "exec_mode": "cluster",
      "script": "dist/server.js",
      "instances": 1,
      "wait_ready": true,
      "listen_timeout": 30000,
      "env": {
        "NODE_ENV": "production",
        "PORT": 3000
      },
      "node_args": "--loader ./loader.js --max_old_space_size=3000"
    },
    {
      "name": "Inboard-Backend-1",
      "exec_mode": "cluster",
      "script": "dist/server.js",
      "instances": 1,
      "wait_ready": true,
      "listen_timeout": 30000,
      "env": {
        "NODE_ENV": "production",
        "PORT": 3001
      },
      "node_args": "--loader ./loader.js"
    },
    {
      "name": "Inboard-Backend-2",
      "exec_mode": "cluster",
      "script": "dist/server.js",
      "instances": 1,
      "wait_ready": true,
      "listen_timeout": 30000,
      "env": {
        "NODE_ENV": "production",
        "PORT": 3002
      },
      "node_args": "--loader ./loader.js"
    },
    {
      "name": "Inboard-Backend-3",
      "exec_mode": "cluster",
      "script": "dist/server.js",
      "instances": 1,
      "wait_ready": true,
      "listen_timeout": 30000,
      "env": {
        "NODE_ENV": "production",
        "PORT": 3003
      },
      "node_args": "--loader ./loader.js"
    },
    {
      "name": "Inboard-Backend-4",
      "exec_mode": "cluster",
      "script": "dist/server.js",
      "instances": 1,
      "wait_ready": true,
      "listen_timeout": 30000,
      "env": {
        "NODE_ENV": "production",
        "PORT": 3004
      },
      "node_args": "--loader ./loader.js"
    }
  ]
}